name,smiles
aspirin,CC(=O)OC1=CC=CC=C1C(=O)O
ibuprofen,CC(C)CC1=CC=C(C=C1)C(C)C(=O)O
paracetamol,CC(=O)NC1=CC=C(C=C1)O
ciprofloxacin,C1CC1N2C=C(C(=O)C3=CC(=C(C=C32)N4CCNCC4)F)C(=O)O
amoxicillin,CC1(C(N2C(S1)C(C2=O)NC(=O)C(C3=CC=C(C=C3)O)N)C(=O)O)C
sulfamethoxazole,CC1=CC(=NO1)NS(=O)(=O)C2=CC=C(C=C2)N
trimethoprim,COC1=CC(=CC(=C1OC)OC)CC2=CN=C(N=C2N)N
penicillin_g,CC1(C(N2C(S1)C(C2=O)NC(=O)CC3=CC=CC=C3)C(=O)O)C
tetracycline,CN(C)C1C2CC3CC4=C(C=CC(=C4C(=O)C3=C(C2(C(=C(C1=O)C(=O)N)O)O)O)O)N
metronidazole,CC1=NC=C(N1CCO)[N+](=O)[O-]
doxycycline,CC1C2C(C3C(C(=O)C(=C(C3(C(=O)C2=C(C4=C1C=CC=C4O)O)O)O)C(=O)N)N(C)C)O
caffeine,CN1C=NC2=C1C(=O)N(C(=O)N2C)C
nicotine,CN1CCCC1C2=CN=CC=C2
benzocaine,CCOC(=O)C1=CC=C(N)C=C1
sulfanilamide,NC1=CC=C(C=C1)S(=O)(=O)N
chloramphenicol,C1=CC(=CC=C1C(C(CO)NC(=O)C(Cl)Cl)O)[N+](=O)[O-]
levofloxacin,CC1COC2=C3N1C=C(C(=O)C3=CC(=C2N4CCN(CC4)C)F)C(=O)O
norfloxacin,CCN1C=C(C(=O)C2=CC(=C(C=C21)N3CCNCC3)F)C(=O)O
ampicillin,CC1(C(N2C(S1)C(C2=O)NC(=O)C(C3=CC=CC=C3)N)C(=O)O)C
cephalexin,CC1=C(N2C(C(C2=O)NC(=O)C(C3=CC=CC=C3)N)SC1)C(=O)O
salicylic_acid,C1=CC=C(C(=C1)C(=O)O)O
benzoic_acid,C1=CC=C(C=C1)C(=O)O
phenol,C1=CC=C(C=C1)O
acetanilide,CC(=O)NC1=CC=CC=C1
sulfadiazine,C1=CC(=CC=C1S(=O)(=O)NC2=NC=CC=N2)N
sulfacetamide,CC(=O)NS(=O)(=O)C1=CC=C(N)C=C1
pyrimethamine,CCC1=NC(=NC(=C1Cl)N)N
dapsone,NC1=CC=C(C=C1)S(=O)(=O)C2=CC=C(N)C=C2
nitrofurantoin,O=C1NC(=O)N(C1=NN2C=CC(=C2)[N+](=O)[O-])CN
isoniazid,C1=CN=CC=C1C(=O)NN
