genome_row,resistance_risk,true_label,held_out_val_auc,squared_error,predicted_label,correct
0,0.00037361071944477103,0,0.9684469755271663,1.395849696840394e-07,0,1
1,0.9999999875677998,1,0.9708326920116976,1.5455960077429376e-16,1,1
2,0.08982817761844883,0,0.9689087271048176,0.008069101494251591,0,1
3,0.4057729369058248,0,0.9703709404340465,0.16465167632517846,0,1
4,0.9988709921945989,1,0.9696013544712944,1.2746586246567206e-06,1,1
5,0.9999559678959451,1,0.9722949053409266,1.938826187501804e-09,1,1
6,0.9988081646221632,1,0.9713714021856241,1.4204715678635006e-06,1,1
7,0.8664681621435824,1,0.9708326920116978,0.017830751721312613,1,1
8,0.9648788388263017,1,0.9709096506079729,0.001233495962188896,1,1
9,0.1862361280967349,0,0.9702939818377712,0.03468389540846345,0,1
10,0.9992965844560949,1,0.9699861474526705,4.947934274072692e-07,1,1
12,0.9999999859295108,1,0.9699861474526705,1.9797866683944432e-16,1,1
