genome_row,condition,best_score,budget_used,efficiency_score_per_step,wall_clock_seconds
0,biology_only,0.5835294117647059,5,0.11670588235294117,58.40893530845642
0,evolution_fixed_retrieval,,3,,0.02090930938720703
0,fixed_closed_loop,,3,,0.0
0,full_agent,,3,,98.17879223823547
0,generic_react,,3,,124.69961738586426
0,no_protein_rag,,3,,0.011652231216430664
0,static_chemistry,0.5872197498972042,1,0.5872197498972042,0.017253398895263672
1,biology_only,0.5835294117647059,5,0.11670588235294117,43.09857726097107
1,evolution_fixed_retrieval,0.5835294117647059,6,0.0972549019607843,4566.483227491379
1,fixed_closed_loop,0.5835294117647059,12,0.04862745098039215,49.89672040939331
1,full_agent,0.6255000000000001,20,0.031275000000000004,754.7297129631042
1,generic_react,0.5835294117647059,20,0.029176470588235293,876.793041229248
1,no_protein_rag,0.5686060606060607,5,0.11372121212121214,0.05396890640258789
1,static_chemistry,0.5872197498972042,1,0.5872197498972042,0.1789708137512207
2,biology_only,0.5835294117647059,5,0.11670588235294117,46.775492429733276
2,evolution_fixed_retrieval,,3,,0.03198695182800293
2,fixed_closed_loop,,3,,0.002902984619140625
2,full_agent,,3,,68.70301008224487
2,generic_react,,3,,64.02212238311768
2,no_protein_rag,,3,,0.0
2,static_chemistry,0.5872197498972042,1,0.5872197498972042,0.08134293556213379
3,biology_only,0.5835294117647059,5,0.11670588235294117,48.458688259124756
3,evolution_fixed_retrieval,,3,,0.028588294982910156
3,fixed_closed_loop,,3,,0.01564788818359375
3,full_agent,,3,,69.57674026489258
3,generic_react,,3,,67.44914388656616
3,no_protein_rag,,3,,0.010593652725219727
3,static_chemistry,0.5872197498972042,1,0.5872197498972042,0.17658519744873047
4,biology_only,0.5835294117647059,5,0.11670588235294117,45.25525999069214
4,evolution_fixed_retrieval,0.5835294117647059,6,0.0972549019607843,3660.693346261978
4,fixed_closed_loop,0.5835294117647059,12,0.04862745098039215,23.753531217575073
4,full_agent,0.5835294117647059,16,0.036470588235294116,478.68565464019775
4,generic_react,0.5835294117647059,20,0.029176470588235293,630.6404573917389
4,no_protein_rag,0.5686060606060607,5,0.11372121212121214,0.06167769432067871
4,static_chemistry,0.5872197498972042,1,0.5872197498972042,0.19895339012145996
5,biology_only,0.5835294117647059,5,0.11670588235294117,40.47493362426758
5,evolution_fixed_retrieval,0.5835294117647059,6,0.0972549019607843,3818.17671084404
5,fixed_closed_loop,0.5835294117647059,12,0.04862745098039215,48.49859952926636
5,full_agent,0.6255000000000001,16,0.039093750000000003,479.7787344455719
5,generic_react,0.5835294117647059,20,0.029176470588235293,717.8450627326965
5,no_protein_rag,0.5686060606060607,5,0.11372121212121214,0.023641586303710938
5,static_chemistry,0.5872197498972042,1,0.5872197498972042,0.08138775825500488
6,biology_only,0.5835294117647059,5,0.11670588235294117,26.042569875717163
6,evolution_fixed_retrieval,0.5835294117647059,6,0.0972549019607843,3416.9726605415344
6,fixed_closed_loop,0.5835294117647059,12,0.04862745098039215,23.689680814743042
6,full_agent,0.6138235294117648,16,0.0383639705882353,463.0689823627472
6,generic_react,0.6138235294117648,20,0.03069117647058824,604.5008058547974
6,no_protein_rag,0.5686060606060607,5,0.11372121212121214,0.09192395210266113
6,static_chemistry,0.5872197498972042,1,0.5872197498972042,0.06578874588012695
7,biology_only,0.5835294117647059,5,0.11670588235294117,56.387052059173584
7,evolution_fixed_retrieval,0.5835294117647059,6,0.0972549019607843,3762.270804166794
7,fixed_closed_loop,0.5835294117647059,12,0.04862745098039215,39.06767177581787
7,full_agent,0.5835294117647059,13,0.0448868778280543,395.1687970161438
7,generic_react,0.5835294117647059,20,0.029176470588235293,601.1841442584991
7,no_protein_rag,0.5686060606060607,5,0.11372121212121214,0.019874095916748047
7,static_chemistry,0.5872197498972042,1,0.5872197498972042,0.0
8,biology_only,0.5835294117647059,5,0.11670588235294117,25.00542902946472
8,evolution_fixed_retrieval,0.5835294117647059,6,0.0972549019607843,9354.61454296112
8,fixed_closed_loop,0.5835294117647059,12,0.04862745098039215,220.19559621810913
8,full_agent,0.6138235294117648,17,0.03610726643598616,778.3029837608337
8,generic_react,0.5835294117647059,20,0.029176470588235293,1252.6205041408539
8,no_protein_rag,0.5686060606060607,5,0.11372121212121214,0.018056869506835938
8,static_chemistry,0.5872197498972042,1,0.5872197498972042,0.06519794464111328
9,biology_only,0.5835294117647059,5,0.11670588235294117,24.088634729385376
9,evolution_fixed_retrieval,,3,,0.018280744552612305
9,fixed_closed_loop,,3,,0.0
9,full_agent,,3,,66.88870000839233
9,generic_react,,3,,67.23127579689026
9,no_protein_rag,,3,,0.018183469772338867
9,static_chemistry,0.5872197498972042,1,0.5872197498972042,0.047074079513549805
10,biology_only,0.5835294117647059,5,0.11670588235294117,141.6331808567047
10,evolution_fixed_retrieval,0.5835294117647059,6,0.0972549019607843,6632.616070985794
10,fixed_closed_loop,0.5835294117647059,12,0.04862745098039215,31.527109622955322
10,full_agent,0.6138235294117648,17,0.03610726643598616,529.1969318389893
10,generic_react,0.5835294117647059,20,0.029176470588235293,669.57151055336
10,no_protein_rag,0.5686060606060607,5,0.11372121212121214,0.012078285217285156
10,static_chemistry,0.5872197498972042,1,0.5872197498972042,0.1143178939819336
12,biology_only,0.5835294117647059,5,0.11670588235294117,48.1894953250885
12,evolution_fixed_retrieval,0.5835294117647059,6,0.0972549019607843,4304.957978963852
12,fixed_closed_loop,0.5835294117647059,12,0.04862745098039215,52.44591927528381
12,full_agent,0.6138235294117648,20,0.03069117647058824,695.3350696563721
12,generic_react,0.5835294117647059,20,0.029176470588235293,785.2390451431274
12,no_protein_rag,0.5686060606060607,5,0.11372121212121214,0.015666723251342773
12,static_chemistry,0.5872197498972042,1,0.5872197498972042,0.05594491958618164
