genome_row,condition,n_steps,repeated_identical_calls,precondition_violations,refine_without_diversifying,final_status,stopping_reason
0,biology_only,5,0,0,0,stopped,deterministic_sequence_complete
0,evolution_fixed_retrieval,3,0,0,0,stopped,risk_below_threshold
0,fixed_closed_loop,3,0,0,0,stopped,risk_below_threshold
0,full_agent,3,0,0,0,stopped,agent_stop
0,generic_react,3,0,0,0,stopped,agent_stop
0,no_protein_rag,3,0,0,0,stopped,risk_below_threshold
0,static_chemistry,1,0,0,0,stopped,static_chemistry_complete
1,biology_only,5,0,0,0,stopped,deterministic_sequence_complete
1,evolution_fixed_retrieval,6,0,0,0,stopped,deterministic_sequence_complete
1,fixed_closed_loop,12,0,0,0,stopped,deterministic_sequence_complete
1,full_agent,20,5,6,1,stopped,budget_exhausted
1,generic_react,20,0,0,0,stopped,budget_exhausted
1,no_protein_rag,5,0,0,0,stopped,deterministic_sequence_complete
1,static_chemistry,1,0,0,0,stopped,static_chemistry_complete
2,biology_only,5,0,0,0,stopped,deterministic_sequence_complete
2,evolution_fixed_retrieval,3,0,0,0,stopped,risk_below_threshold
2,fixed_closed_loop,3,0,0,0,stopped,risk_below_threshold
2,full_agent,3,0,0,0,stopped,agent_stop
2,generic_react,3,0,0,0,stopped,agent_stop
2,no_protein_rag,3,0,0,0,stopped,risk_below_threshold
2,static_chemistry,1,0,0,0,stopped,static_chemistry_complete
3,biology_only,5,0,0,0,stopped,deterministic_sequence_complete
3,evolution_fixed_retrieval,3,0,0,0,stopped,risk_below_threshold
3,fixed_closed_loop,3,0,0,0,stopped,risk_below_threshold
3,full_agent,3,0,0,0,stopped,agent_stop
3,generic_react,3,0,0,0,stopped,agent_stop
3,no_protein_rag,3,0,0,0,stopped,risk_below_threshold
3,static_chemistry,1,0,0,0,stopped,static_chemistry_complete
4,biology_only,5,0,0,0,stopped,deterministic_sequence_complete
4,evolution_fixed_retrieval,6,0,0,0,stopped,deterministic_sequence_complete
4,fixed_closed_loop,12,0,0,0,stopped,deterministic_sequence_complete
4,full_agent,16,5,3,2,human_review,agent_requested_human_review
4,generic_react,20,2,0,0,stopped,budget_exhausted
4,no_protein_rag,5,0,0,0,stopped,deterministic_sequence_complete
4,static_chemistry,1,0,0,0,stopped,static_chemistry_complete
5,biology_only,5,0,0,0,stopped,deterministic_sequence_complete
5,evolution_fixed_retrieval,6,0,0,0,stopped,deterministic_sequence_complete
5,fixed_closed_loop,12,0,0,0,stopped,deterministic_sequence_complete
5,full_agent,16,3,3,2,stopped,converged
5,generic_react,20,3,0,0,stopped,budget_exhausted
5,no_protein_rag,5,0,0,0,stopped,deterministic_sequence_complete
5,static_chemistry,1,0,0,0,stopped,static_chemistry_complete
6,biology_only,5,0,0,0,stopped,deterministic_sequence_complete
6,evolution_fixed_retrieval,6,0,0,0,stopped,deterministic_sequence_complete
6,fixed_closed_loop,12,0,0,0,stopped,deterministic_sequence_complete
6,full_agent,16,4,5,0,human_review,agent_requested_human_review
6,generic_react,20,2,0,0,stopped,budget_exhausted
6,no_protein_rag,5,0,0,0,stopped,deterministic_sequence_complete
6,static_chemistry,1,0,0,0,stopped,static_chemistry_complete
7,biology_only,5,0,0,0,stopped,deterministic_sequence_complete
7,evolution_fixed_retrieval,6,0,0,0,stopped,deterministic_sequence_complete
7,fixed_closed_loop,12,0,0,0,stopped,deterministic_sequence_complete
7,full_agent,13,4,3,2,human_review,agent_requested_human_review
7,generic_react,20,3,0,0,stopped,budget_exhausted
7,no_protein_rag,5,0,0,0,stopped,deterministic_sequence_complete
7,static_chemistry,1,0,0,0,stopped,static_chemistry_complete
8,biology_only,5,0,0,0,stopped,deterministic_sequence_complete
8,evolution_fixed_retrieval,6,0,0,0,stopped,deterministic_sequence_complete
8,fixed_closed_loop,12,0,0,0,stopped,deterministic_sequence_complete
8,full_agent,17,3,3,1,human_review,agent_requested_human_review
8,generic_react,20,2,0,0,stopped,budget_exhausted
8,no_protein_rag,5,0,0,0,stopped,deterministic_sequence_complete
8,static_chemistry,1,0,0,0,stopped,static_chemistry_complete
9,biology_only,5,0,0,0,stopped,deterministic_sequence_complete
9,evolution_fixed_retrieval,3,0,0,0,stopped,risk_below_threshold
9,fixed_closed_loop,3,0,0,0,stopped,risk_below_threshold
9,full_agent,3,0,0,0,stopped,agent_stop
9,generic_react,3,0,0,0,stopped,agent_stop
9,no_protein_rag,3,0,0,0,stopped,risk_below_threshold
9,static_chemistry,1,0,0,0,stopped,static_chemistry_complete
10,biology_only,5,0,0,0,stopped,deterministic_sequence_complete
10,evolution_fixed_retrieval,6,0,0,0,stopped,deterministic_sequence_complete
10,fixed_closed_loop,12,0,0,0,stopped,deterministic_sequence_complete
10,full_agent,17,4,3,2,human_review,agent_requested_human_review
10,generic_react,20,3,0,0,stopped,budget_exhausted
10,no_protein_rag,5,0,0,0,stopped,deterministic_sequence_complete
10,static_chemistry,1,0,0,0,stopped,static_chemistry_complete
12,biology_only,5,0,0,0,stopped,deterministic_sequence_complete
12,evolution_fixed_retrieval,6,0,0,0,stopped,deterministic_sequence_complete
12,fixed_closed_loop,12,0,0,0,stopped,deterministic_sequence_complete
12,full_agent,20,5,3,0,stopped,budget_exhausted
12,generic_react,20,1,0,0,stopped,budget_exhausted
12,no_protein_rag,5,0,0,0,stopped,deterministic_sequence_complete
12,static_chemistry,1,0,0,0,stopped,static_chemistry_complete
