genome_row,condition,antibiotic,status,stopping_reason,resistance_risk,held_out_val_auc,n_requirements,n_candidates,n_evaluations,best_score,n_evidence,n_evidence_gaps,budget_used,budget_max,n_trajectory_steps,wall_clock_seconds
0,biology_only,CIP,stopped,deterministic_sequence_complete,,,5,30,1,0.5835294117647059,121,1,5,20,5,58.40893530845642
0,evolution_fixed_retrieval,CIP,stopped,risk_below_threshold,0.00037361071944477103,0.9684469755271663,0,0,0,,0,0,3,20,3,0.02090930938720703
0,fixed_closed_loop,CIP,stopped,risk_below_threshold,0.00037361071944477103,0.9684469755271663,0,0,0,,0,0,3,20,3,0.0
0,full_agent,CIP,stopped,agent_stop,0.00037361071944477103,0.9684469755271663,0,0,0,,0,0,3,20,3,98.17879223823547
0,generic_react,CIP,stopped,agent_stop,0.00037361071944477103,0.9684469755271663,0,0,0,,0,0,3,20,3,124.69961738586426
0,no_protein_rag,CIP,stopped,risk_below_threshold,0.00037361071944477103,0.9684469755271663,0,0,0,,0,0,3,20,3,0.011652231216430664
0,static_chemistry,CIP,stopped,static_chemistry_complete,,,9,30,1,0.5872197498972042,0,0,1,20,1,0.017253398895263672
1,biology_only,CIP,stopped,deterministic_sequence_complete,,,5,30,1,0.5835294117647059,121,1,5,20,5,43.09857726097107
1,evolution_fixed_retrieval,CIP,stopped,deterministic_sequence_complete,0.9999999875677998,0.9708326920116976,5,30,1,0.5835294117647059,121,1,6,20,6,4566.483227491379
1,fixed_closed_loop,CIP,stopped,deterministic_sequence_complete,0.9999999875677998,0.9708326920116976,5,34,5,0.5835294117647059,121,1,12,20,12,49.89672040939331
1,full_agent,CIP,stopped,budget_exhausted,0.9999999875677998,0.9708326920116976,5,34,7,0.6255000000000001,361,1,20,20,20,754.7297129631042
1,generic_react,CIP,stopped,budget_exhausted,0.9999999875677998,0.9708326920116976,5,30,1,0.5835294117647059,681,1,20,20,20,876.793041229248
1,no_protein_rag,CIP,stopped,deterministic_sequence_complete,0.9999999875677998,0.9708326920116976,8,30,1,0.5686060606060607,0,0,5,20,5,0.05396890640258789
1,static_chemistry,CIP,stopped,static_chemistry_complete,,,9,30,1,0.5872197498972042,0,0,1,20,1,0.1789708137512207
2,biology_only,CIP,stopped,deterministic_sequence_complete,,,5,30,1,0.5835294117647059,121,1,5,20,5,46.775492429733276
2,evolution_fixed_retrieval,CIP,stopped,risk_below_threshold,0.08982817761844883,0.9689087271048176,0,0,0,,0,0,3,20,3,0.03198695182800293
2,fixed_closed_loop,CIP,stopped,risk_below_threshold,0.08982817761844883,0.9689087271048176,0,0,0,,0,0,3,20,3,0.002902984619140625
2,full_agent,CIP,stopped,agent_stop,0.08982817761844883,0.9689087271048176,0,0,0,,0,0,3,20,3,68.70301008224487
2,generic_react,CIP,stopped,agent_stop,0.08982817761844883,0.9689087271048176,0,0,0,,0,0,3,20,3,64.02212238311768
2,no_protein_rag,CIP,stopped,risk_below_threshold,0.08982817761844883,0.9689087271048176,0,0,0,,0,0,3,20,3,0.0
2,static_chemistry,CIP,stopped,static_chemistry_complete,,,9,30,1,0.5872197498972042,0,0,1,20,1,0.08134293556213379
3,biology_only,CIP,stopped,deterministic_sequence_complete,,,5,30,1,0.5835294117647059,121,1,5,20,5,48.458688259124756
3,evolution_fixed_retrieval,CIP,stopped,risk_below_threshold,0.4057729369058248,0.9703709404340465,0,0,0,,0,0,3,20,3,0.028588294982910156
3,fixed_closed_loop,CIP,stopped,risk_below_threshold,0.4057729369058248,0.9703709404340465,0,0,0,,0,0,3,20,3,0.01564788818359375
3,full_agent,CIP,stopped,agent_stop,0.4057729369058248,0.9703709404340465,0,0,0,,0,0,3,20,3,69.57674026489258
3,generic_react,CIP,stopped,agent_stop,0.4057729369058248,0.9703709404340465,0,0,0,,0,0,3,20,3,67.44914388656616
3,no_protein_rag,CIP,stopped,risk_below_threshold,0.4057729369058248,0.9703709404340465,0,0,0,,0,0,3,20,3,0.010593652725219727
3,static_chemistry,CIP,stopped,static_chemistry_complete,,,9,30,1,0.5872197498972042,0,0,1,20,1,0.17658519744873047
4,biology_only,CIP,stopped,deterministic_sequence_complete,,,5,30,1,0.5835294117647059,121,1,5,20,5,45.25525999069214
4,evolution_fixed_retrieval,CIP,stopped,deterministic_sequence_complete,0.9988709921945989,0.9696013544712944,5,30,1,0.5835294117647059,121,1,6,20,6,3660.693346261978
4,fixed_closed_loop,CIP,stopped,deterministic_sequence_complete,0.9988709921945989,0.9696013544712944,5,34,5,0.5835294117647059,121,1,12,20,12,23.753531217575073
4,full_agent,CIP,human_review,agent_requested_human_review,0.9988709921945989,0.9696013544712944,5,33,4,0.5835294117647059,281,1,16,20,16,478.68565464019775
4,generic_react,CIP,stopped,budget_exhausted,0.9988709921945989,0.9696013544712944,5,30,1,0.5835294117647059,681,1,20,20,20,630.6404573917389
4,no_protein_rag,CIP,stopped,deterministic_sequence_complete,0.9988709921945989,0.9696013544712944,8,30,1,0.5686060606060607,0,0,5,20,5,0.06167769432067871
4,static_chemistry,CIP,stopped,static_chemistry_complete,,,9,30,1,0.5872197498972042,0,0,1,20,1,0.19895339012145996
5,biology_only,CIP,stopped,deterministic_sequence_complete,,,5,30,1,0.5835294117647059,121,1,5,20,5,40.47493362426758
5,evolution_fixed_retrieval,CIP,stopped,deterministic_sequence_complete,0.9999559678959451,0.9722949053409266,5,30,1,0.5835294117647059,121,1,6,20,6,3818.17671084404
5,fixed_closed_loop,CIP,stopped,deterministic_sequence_complete,0.9999559678959451,0.9722949053409266,5,34,5,0.5835294117647059,121,1,12,20,12,48.49859952926636
5,full_agent,CIP,stopped,converged,0.9999559678959451,0.9722949053409266,5,35,8,0.6255000000000001,201,1,16,20,16,479.7787344455719
5,generic_react,CIP,stopped,budget_exhausted,0.9999559678959451,0.9722949053409266,5,30,1,0.5835294117647059,601,1,20,20,20,717.8450627326965
5,no_protein_rag,CIP,stopped,deterministic_sequence_complete,0.9999559678959451,0.9722949053409266,8,30,1,0.5686060606060607,0,0,5,20,5,0.023641586303710938
5,static_chemistry,CIP,stopped,static_chemistry_complete,,,9,30,1,0.5872197498972042,0,0,1,20,1,0.08138775825500488
6,biology_only,CIP,stopped,deterministic_sequence_complete,,,5,30,1,0.5835294117647059,121,1,5,20,5,26.042569875717163
6,evolution_fixed_retrieval,CIP,stopped,deterministic_sequence_complete,0.9988081646221632,0.9713714021856241,5,30,1,0.5835294117647059,121,1,6,20,6,3416.9726605415344
6,fixed_closed_loop,CIP,stopped,deterministic_sequence_complete,0.9988081646221632,0.9713714021856241,5,34,5,0.5835294117647059,121,1,12,20,12,23.689680814743042
6,full_agent,CIP,human_review,agent_requested_human_review,0.9988081646221632,0.9713714021856241,5,33,5,0.6138235294117648,201,1,16,20,16,463.0689823627472
6,generic_react,CIP,stopped,budget_exhausted,0.9988081646221632,0.9713714021856241,5,30,2,0.6138235294117648,562,1,20,20,20,604.5008058547974
6,no_protein_rag,CIP,stopped,deterministic_sequence_complete,0.9988081646221632,0.9713714021856241,8,30,1,0.5686060606060607,0,0,5,20,5,0.09192395210266113
6,static_chemistry,CIP,stopped,static_chemistry_complete,,,9,30,1,0.5872197498972042,0,0,1,20,1,0.06578874588012695
7,biology_only,CIP,stopped,deterministic_sequence_complete,,,5,30,1,0.5835294117647059,121,1,5,20,5,56.387052059173584
7,evolution_fixed_retrieval,CIP,stopped,deterministic_sequence_complete,0.8664681621435824,0.9708326920116978,5,30,1,0.5835294117647059,121,1,6,20,6,3762.270804166794
7,fixed_closed_loop,CIP,stopped,deterministic_sequence_complete,0.8664681621435824,0.9708326920116978,5,34,5,0.5835294117647059,121,1,12,20,12,39.06767177581787
7,full_agent,CIP,human_review,agent_requested_human_review,0.8664681621435824,0.9708326920116978,5,33,4,0.5835294117647059,201,1,13,20,13,395.1687970161438
7,generic_react,CIP,stopped,budget_exhausted,0.8664681621435824,0.9708326920116978,5,30,1,0.5835294117647059,601,1,20,20,20,601.1841442584991
7,no_protein_rag,CIP,stopped,deterministic_sequence_complete,0.8664681621435824,0.9708326920116978,8,30,1,0.5686060606060607,0,0,5,20,5,0.019874095916748047
7,static_chemistry,CIP,stopped,static_chemistry_complete,,,9,30,1,0.5872197498972042,0,0,1,20,1,0.0
8,biology_only,CIP,stopped,deterministic_sequence_complete,,,5,30,1,0.5835294117647059,121,1,5,20,5,25.00542902946472
8,evolution_fixed_retrieval,CIP,stopped,deterministic_sequence_complete,0.9648788388263017,0.9709096506079729,5,30,1,0.5835294117647059,121,1,6,20,6,9354.61454296112
8,fixed_closed_loop,CIP,stopped,deterministic_sequence_complete,0.9648788388263017,0.9709096506079729,5,34,5,0.5835294117647059,121,1,12,20,12,220.19559621810913
8,full_agent,CIP,human_review,agent_requested_human_review,0.9648788388263017,0.9709096506079729,5,34,6,0.6138235294117648,281,1,17,20,17,778.3029837608337
8,generic_react,CIP,stopped,budget_exhausted,0.9648788388263017,0.9709096506079729,5,30,1,0.5835294117647059,642,1,20,20,20,1252.6205041408539
8,no_protein_rag,CIP,stopped,deterministic_sequence_complete,0.9648788388263017,0.9709096506079729,8,30,1,0.5686060606060607,0,0,5,20,5,0.018056869506835938
8,static_chemistry,CIP,stopped,static_chemistry_complete,,,9,30,1,0.5872197498972042,0,0,1,20,1,0.06519794464111328
9,biology_only,CIP,stopped,deterministic_sequence_complete,,,5,30,1,0.5835294117647059,121,1,5,20,5,24.088634729385376
9,evolution_fixed_retrieval,CIP,stopped,risk_below_threshold,0.1862361280967349,0.9702939818377712,0,0,0,,0,0,3,20,3,0.018280744552612305
9,fixed_closed_loop,CIP,stopped,risk_below_threshold,0.1862361280967349,0.9702939818377712,0,0,0,,0,0,3,20,3,0.0
9,full_agent,CIP,stopped,agent_stop,0.1862361280967349,0.9702939818377712,0,0,0,,0,0,3,20,3,66.88870000839233
9,generic_react,CIP,stopped,agent_stop,0.1862361280967349,0.9702939818377712,0,0,0,,0,0,3,20,3,67.23127579689026
9,no_protein_rag,CIP,stopped,risk_below_threshold,0.1862361280967349,0.9702939818377712,0,0,0,,0,0,3,20,3,0.018183469772338867
9,static_chemistry,CIP,stopped,static_chemistry_complete,,,9,30,1,0.5872197498972042,0,0,1,20,1,0.047074079513549805
10,biology_only,CIP,stopped,deterministic_sequence_complete,,,5,30,1,0.5835294117647059,121,1,5,20,5,141.6331808567047
10,evolution_fixed_retrieval,CIP,stopped,deterministic_sequence_complete,0.9992965844560949,0.9699861474526705,5,30,1,0.5835294117647059,121,1,6,20,6,6632.616070985794
10,fixed_closed_loop,CIP,stopped,deterministic_sequence_complete,0.9992965844560949,0.9699861474526705,5,34,5,0.5835294117647059,121,1,12,20,12,31.527109622955322
10,full_agent,CIP,human_review,agent_requested_human_review,0.9992965844560949,0.9699861474526705,5,34,6,0.6138235294117648,281,1,17,20,17,529.1969318389893
10,generic_react,CIP,stopped,budget_exhausted,0.9992965844560949,0.9699861474526705,5,30,1,0.5835294117647059,601,1,20,20,20,669.57151055336
10,no_protein_rag,CIP,stopped,deterministic_sequence_complete,0.9992965844560949,0.9699861474526705,8,30,1,0.5686060606060607,0,0,5,20,5,0.012078285217285156
10,static_chemistry,CIP,stopped,static_chemistry_complete,,,9,30,1,0.5872197498972042,0,0,1,20,1,0.1143178939819336
12,biology_only,CIP,stopped,deterministic_sequence_complete,,,5,30,1,0.5835294117647059,121,1,5,20,5,48.1894953250885
12,evolution_fixed_retrieval,CIP,stopped,deterministic_sequence_complete,0.9999999859295108,0.9699861474526705,5,30,1,0.5835294117647059,121,1,6,20,6,4304.957978963852
12,fixed_closed_loop,CIP,stopped,deterministic_sequence_complete,0.9999999859295108,0.9699861474526705,5,34,5,0.5835294117647059,121,1,12,20,12,52.44591927528381
12,full_agent,CIP,stopped,budget_exhausted,0.9999999859295108,0.9699861474526705,5,32,4,0.6138235294117648,681,1,20,20,20,695.3350696563721
12,generic_react,CIP,stopped,budget_exhausted,0.9999999859295108,0.9699861474526705,5,30,1,0.5835294117647059,722,1,20,20,20,785.2390451431274
12,no_protein_rag,CIP,stopped,deterministic_sequence_complete,0.9999999859295108,0.9699861474526705,8,30,1,0.5686060606060607,0,0,5,20,5,0.015666723251342773
12,static_chemistry,CIP,stopped,static_chemistry_complete,,,9,30,1,0.5872197498972042,0,0,1,20,1,0.05594491958618164
